Dulcea,Backhurst,75649 Ruskin Junction,Greensboro,North Carolina,27455
Cassie,Gyurkovics,851 1st Trail,San Bernardino,California,92415
Leann,Rubert,439 Jenifer Parkway,Kansas City,Missouri,64125
Daryle,Buttrum,0 Menomonie Crossing,El Paso,Texas,79977
Adrianna,Flode,436 High Crossing Avenue,Midland,Texas,79705
Jarret,Hazard,575 Namekagon Hill,Monroe,Louisiana,71213
Aloin,Okenfold,4584 Kipling Point,Clearwater,Florida,34620
Aigneis,Slinger,1 Trailsway Crossing,Reading,Pennsylvania,19605
Cindee,Gazzard,7 Sycamore Trail,Duluth,Georgia,30096
Nehemiah,Luce,9563 Waubesa Parkway,Arlington,Virginia,22225
Lurette,Lasty,20 Corry Avenue,Saint Louis,Missouri,63169
Bellina,Cornhill,0639 Briar Crest Way,Colorado Springs,Colorado,80910
Laina,Thews,2 Texas Hill,Bethlehem,Pennsylvania,18018
Bambi,MacGillespie,6210 Lake View Parkway,Monticello,Minnesota,55565
Euphemia,Jirick,2868 Monica Crossing,Bethesda,Maryland,20816
Gale,Dominguez,14104 Hauk Junction,Denver,Colorado,80204
Leia,Posvner,85 Walton Street,Macon,Georgia,31217
Mariellen,Pigeon,51 Anderson Trail,Albuquerque,New Mexico,87195
Prudy,Tilford,6460 Holy Cross Alley,Evansville,Indiana,47712
Adella,Tanswill,4 Saint Paul Avenue,Phoenix,Arizona,85083
Toddy,McInnes,0 Knutson Junction,Florence,South Carolina,29505
Codie,Fairbank,92 Erie Avenue,Kansas City,Missouri,64187
Malva,Miquelet,7338 Darwin Park,Dayton,Ohio,45426
Geno,Beaman,57568 Ryan Lane,Pasadena,California,91199
Lorna,Goldson,889 Londonderry Parkway,Springfield,Ohio,45505
Felicity,Ales,31679 Nobel Parkway,Schenectady,New York,12305
Kissie,Kenewell,00 Waubesa Point,Hartford,Connecticut,06140
Andromache,Lerego,47 Carberry Court,Washington,District of Columbia,20404
Mirabel,Acome,6 Heath Drive,Saint Louis,Missouri,63169
Rock,Draycott,006 Crownhardt Pass,Chicago,Illinois,60652
Korry,Addenbrooke,6095 Blue Bill Park Pass,Chicago,Illinois,60657
Keelia,Booi,18 Merrick Avenue,Woburn,Massachusetts,01813
Almeda,Grunguer,27 Melrose Street,Milwaukee,Wisconsin,53277
Dorothy,Farey,18913 Derek Alley,Los Angeles,California,90025
Skye,Newis,76361 Marcy Avenue,Indianapolis,Indiana,46278
Caryl,Kienlein,4 Marcy Center,Albuquerque,New Mexico,87190
Ira,Copas,658 Eagle Crest Hill,Melbourne,Florida,32941
Burty,Bollini,69 Raven Lane,Philadelphia,Pennsylvania,19178
Gelya,Bursnoll,1 Di Loreto Alley,Oakland,California,94627
Eddie,Burgen,6 Eagle Crest Hill,Dayton,Ohio,45490
Kimbell,Rennels,5406 Tennyson Pass,Hartford,Connecticut,06160
Pate,Czajkowska,9822 Springview Terrace,Kansas City,Missouri,64160
Kitti,Picott,863 Sutteridge Terrace,Washington,District of Columbia,20404
Ben,Griston,4656 Mesta Terrace,Los Angeles,California,90005
Vilma,Gallamore,4112 Lawn Park,Saint Louis,Missouri,63116
Hermia,Ibbeson,696 Eastwood Plaza,El Paso,Texas,79999
King,Stapleford,1157 Pennsylvania Crossing,Clearwater,Florida,33763
Verena,Epton,1 Hayes Crossing,Minneapolis,Minnesota,55480
Esdras,Winsley,6 Sachs Junction,Oklahoma City,Oklahoma,73129
Dolorita,Djorevic,3 Northwestern Trail,Jacksonville,Florida,32225
Lenette,Hedney,88 Scott Hill,Miami,Florida,33169
Miof mela,Darycott,0 Ridgeview Court,Indianapolis,Indiana,46266
Russell,Chartman,2 Emmet Center,Oklahoma City,Oklahoma,73114
Petunia,de Wilde,9584 Morrow Place,Inglewood,California,90310
Melita,Brakespear,14 Union Road,Reno,Nevada,89519
Margareta,Duddin,92564 Raven Park,Austin,Texas,78759
Nike,Pinkerton,74 Farmco Road,San Antonio,Texas,78215
Kristy,Gorwood,98 Shopko Crossing,New York City,New York,10150
Emmet,McGauhy,255 Carey Avenue,El Paso,Texas,79955
Beatrisa,Shemming,4 Fuller Road,Vero Beach,Florida,32969
Orelle,Drepp,02 Dottie Place,Dayton,Ohio,45432
Kriste,Pleager,99 Victoria Crossing,Greensboro,North Carolina,27455
Janek,Milsap,90 Spenser Drive,Sacramento,California,94250
Ronny,Ryves,0239 Porter Avenue,Palm Bay,Florida,32909
Marjorie,Seyler,8 Namekagon Terrace,Scottsdale,Arizona,85260
Leigha,Leeds,703 Surrey Center,Wichita Falls,Texas,76310
Jerry,Hamly,594 Grim Plaza,Brooklyn,New York,11241
Claiborn,Jentges,251 Hagan Road,Tulsa,Oklahoma,74126
Abeu,Whapham,787 Rieder Avenue,Syracuse,New York,13210
Lola,Samsin,19 Marcy Lane,Montgomery,Alabama,36109
Danella,Rawdales,84183 Fuller Alley,Wilkes Barre,Pennsylvania,18768
Bram,Faulo,44 Scott Way,Santa Ana,California,92705
Calv,Cominoli,31592 Sage Lane,Meridian,Mississippi,39305
Betta,Kennady,2 Ilene Pass,New York City,New York,10045
Cacilie,Egginton,01 Corscot Crossing,Lubbock,Texas,79415
Cherise,Kilgrove,86166 Lien Hill,Rochester,Minnesota,55905
Kati,Bermingham,6 Utah Street,Atlanta,Georgia,30368
Phoebe,Korneev,841 Kim Parkway,Bonita Springs,Florida,34135
Sutton,Labadini,717 Briar Crest Pass,Levittown,Pennsylvania,19058
Maisie,Lindblad,4831 Bartillon Avenue,Flushing,New York,11355
Krystle,Farrell,38933 Rusk Lane,Portland,Oregon,97206
Arin,Linder,142 Heath Court,Albuquerque,New Mexico,87140
Karel,Eaddy,48778 Bultman Parkway,Philadelphia,Pennsylvania,19146
Nevile,Castiglio,866 Lillian Avenue,Lynn,Massachusetts,01905
Carlye,Huxstep,78 Ridgeview Trail,Jefferson City,Missouri,65105
Adelaide,Shah,0 Lukken Junction,Houston,Texas,77271
Misty,Shelf,58 Heath Center,Jackson,Mississippi,39296
Audra,Bavage,18 Washington Trail,El Paso,Texas,88519
Ralina,McGeachey,892 Packers Terrace,Shawnee Mission,Kansas,66210
Lanette,Duerden,6411 Dunning Court,Amarillo,Texas,79182
Nealon,Pennycock,26720 Barnett Center,Columbia,South Carolina,29215
Vannie,Hattrick,59926 Londonderry Pass,Carol Stream,Illinois,60158
Kelli,Jowett,3706 Acker Avenue,Fresno,California,93740
Dugald,Gascoigne,80474 Blue Bill Park Alley,San Luis Obispo,California,93407
Rafaela,Crayden,870 East Place,Salt Lake City,Utah,84140
Denys,Pritchard,8 Forest Run Hill,San Antonio,Texas,78240
Stanislaus,Hambridge,47792 Ramsey Lane,Newark,New Jersey,07188
Ashien,Boteman,2996 Harbort Road,Tucson,Arizona,85725
Priscilla,Filshin,02807 Pearson Place,Trenton,New Jersey,08638
Whitney,Stanley,6 International Crossing,Charlotte,North Carolina,28256
Corrie,Nobbs,7 Kedzie Lane,Birmingham,Alabama,35290
Marty,Dunford,4223 Warner Point,Brea,California,92822
Marj,Southern,9 Warrior Drive,Saint Louis,Missouri,63158
Cyndy,Sproat,72162 Mockingbird Hill,Pocatello,Idaho,83206
Field,Faley,5 Hauk Place,Brooklyn,New York,11247
Rodger,Masdin,8708 Westport Circle,Chicago,Illinois,60636
Sasha,Aizic,663 Russell Way,Richmond,California,94807
Daniela,Bullen,0642 Waubesa Road,Sioux Falls,South Dakota,57110
Goddart,Gealle,59 Northridge Place,Roanoke,Virginia,24048
Helen,Leuchars,36360 Kensington Pass,San Bernardino,California,92405
Jillane,Hannah,76 Coolidge Drive,Appleton,Wisconsin,54915
Mollee,Cawson,02 Fallview Pass,Salt Lake City,Utah,84199
Annabal,Fonso,2774 Eggendart Place,Dallas,Texas,75353
Nickolai,Bluett,5 3rd Alley,Houston,Texas,77293
Anne-corinne,Antal,07 Glendale Center,Springfield,Illinois,62723
Cosmo,Klaggeman,983 Division Avenue,Anaheim,California,92805
Dugald,Attewill,9081 Rigney Center,Las Vegas,Nevada,89135
Maudie,Merricks,23 Alpine Circle,Birmingham,Alabama,35263
Saundra,Kerwen,0 Shasta Park,Modesto,California,95397
Sashenka,Ganford,05 Birchwood Center,Vero Beach,Florida,32964
Allison,Bartosinski,4 Emmet Way,Topeka,Kansas,66606
Krishnah,Jakes,367 Onsgard Way,Orlando,Florida,32854
Baxie,Duignan,8 Menomonie Trail,Panama City,Florida,32412
Darla,Venney,50802 Marquette Avenue,Whittier,California,90610
Alon,Harbage,94364 Manley Point,Charleston,West Virginia,25305
Inger,Allan,51201 Alpine Point,Fort Wayne,Indiana,46857
Fidelity,Tallboy,184 Nova Junction,Newark,Delaware,19714
Lek,Chansonne,17214 Prentice Parkway,Danbury,Connecticut,06816
Ardine,Ringe,368 Blackbird Trail,Newark,New Jersey,07195
Leonie,Spratley,817 Schmedeman Court,Washington,District of Columbia,20420
Babara,Burgoin,94 Warrior Hill,Saint Petersburg,Florida,33715
Laurence,Sartain,1 New Castle Court,El Paso,Texas,79940
Evita,Benard,7 Amoth Lane,Bradenton,Florida,34282
Jose,Stainsby,48 Heath Parkway,Santa Fe,New Mexico,87505
Elizabet,Northfield,73 Bartelt Alley,Columbia,South Carolina,29215
Kristi,Tommis,21962 Farmco Drive,Herndon,Virginia,22070
Killie,Isaq,4929 Jay Point,Buffalo,New York,14210
Sheryl,Thurber,9581 Carpenter Lane,Albany,New York,12227
Barney,Twiddle,6 David Point,San Francisco,California,94126
Finlay,Duckham,53 Maywood Place,Los Angeles,California,90065
Theodore,Maystone,4632 Macpherson Hill,Aurora,Illinois,60505
Goldarina,Drinkall,91050 Maple Point,Indianapolis,Indiana,46247
Timmy,Banting,66 Dexter Road,Richmond,Virginia,23260
Burt,Smallpeice,01 Mariners Cove Trail,Baltimore,Maryland,21275
Damiano,Hazard,18684 Florence Lane,Jackson,Mississippi,39216
Delcina,Musk,0 Karstens Circle,Boston,Massachusetts,02109
Abbey,Haffard,83157 Shoshone Parkway,Baton Rouge,Louisiana,70820
Terri,Kittoe,0461 Everett Junction,Lincoln,Nebraska,68583
Nanete,Heasly,859 Cascade Park,Portland,Oregon,97206
Martin,Rousel,7 Village Green Parkway,Dallas,Texas,75367
Dynah,Treacher,39860 Colorado Way,Washington,District of Columbia,20057
Aubrey,Bavister,3814 Tennyson Parkway,Harrisburg,Pennsylvania,17121
Abbey,Pleavin,1182 Florence Center,San Antonio,Texas,78235
Tory,Leyburn,23318 Hagan Circle,Sacramento,California,94230
Boyd,Seson,01359 Claremont Plaza,Buffalo,New York,14220
Amelia,Rosberg,6799 Sherman Center,Valdosta,Georgia,31605
Bert,Keetley,26 Crownhardt Terrace,Wilkes Barre,Pennsylvania,18706
Brunhilda,Mogridge,5525 Oneill Street,Amarillo,Texas,79105
Correy,Pagon,04 Butterfield Center,Dayton,Ohio,45470
Ramona,Figgen,3670 Mosinee Crossing,Naples,Florida,34102
Kerrill,Deer,8850 Schmedeman Street,Philadelphia,Pennsylvania,19151
Gibbie,Kidby,871 Kensington Pass,Melbourne,Florida,32941
Faith,Dunn,174 Shelley Court,Prescott,Arizona,86305
Gottfried,Glandfield,59 American Ash Hill,Dallas,Texas,75310
Humfrey,Lebel,96121 Loftsgordon Trail,El Paso,Texas,88553
Clarisse,Eighteen,15317 Sunbrook Court,Houston,Texas,77010
Irena,Godley,29794 Fremont Place,Milwaukee,Wisconsin,53220
Davina,Philps,35954 Miller Point,Fullerton,California,92640
Hewe,Roan,639 2nd Street,Washington,District of Columbia,20088
Caresse,Bodell,4414 Center Hill,Myrtle Beach,South Carolina,29579
Corette,Jerschke,3832 Shopko Road,Youngstown,Ohio,44505
Haley,Payfoot,711 Kenwood Avenue,Orlando,Florida,32830
Ninnetta,Maffeo,7 Rowland Alley,Austin,Texas,78759
Fedora,Roos,56393 Vernon Hill,Greensboro,North Carolina,27415
Niko,Frostdyke,18 Merchant Street,Hayward,California,94544
Carol-jean,Copas,1 Portage Road,Austin,Texas,78754
Evey,Clowes,13294 Service Court,Albuquerque,New Mexico,87115
Anatol,Magee,19 Lakewood Gardens Plaza,Fredericksburg,Virginia,22405
Larisa,Stammirs,3862 Jenifer Road,New Orleans,Louisiana,70165
Dulcie,Menichillo,308 Mitchell Pass,Fresno,California,93794
Freddy,Jenik,32687 1st Point,Stockton,California,95210
Amy,Shillabeer,13 Glacier Hill Park,Pocatello,Idaho,83206
Rania,Hankard,3 Anzinger Center,Raleigh,North Carolina,27621
Esme,Palk,5 Vermont Pass,Vancouver,Washington,98682
Saidee,Hanalan,9 Buena Vista Pass,Cincinnati,Ohio,45243
Cobby,Cellier,585 Fairfield Avenue,Jackson,Mississippi,39282
Calhoun,Humphrey,0005 Waywood Hill,Lexington,Kentucky,40576
Sibeal,Plowes,512 Cardinal Plaza,Hartford,Connecticut,06140
Brigit,Jerrolt,1 Cambridge Point,Tyler,Texas,75710
Cecelia,Beadles,9557 Meadow Valley Junction,Phoenix,Arizona,85083
Leyla,O'Deoran,3 Messerschmidt Point,Fort Pierce,Florida,34981
Herbie,Harnwell,9205 Blackbird Alley,Saint Louis,Missouri,63196
Ninette,Cluett,74 Roth Pass,Brooklyn,New York,11236
Selie,Lemmon,38 Gulseth Lane,Colorado Springs,Colorado,80930
Maddy,Eastop,783 Village Green Avenue,Sacramento,California,94297
Leonelle,Gwatkins,5 Roth Pass,Gainesville,Florida,32605
Bobby,Jessett,3602 Ilene Court,Colorado Springs,Colorado,80951
Roddy,Massingham,4 Eastlawn Parkway,Madison,Wisconsin,53726
Red,Doyland,3 Spenser Street,Fort Lauderdale,Florida,33336
Jamie,Merriott,2383 Sachtjen Crossing,Akron,Ohio,44305